filename,width,height,class,xmin,ymin,xmax,ymax
1.jpg,224,224,cone,5,36,79,186
1.jpg,224,224,cone,76,35,142,189
1.jpg,224,224,cone,142,46,216,191
100.jpg,224,224,cone,60,5,160,202
1000.jpg,224,224,cone,44,5,179,199
1001.jpg,224,224,cone,56,18,163,206
1002.jpg,224,224,cone,79,50,157,187
1004.jpg,224,224,cone,82,88,142,214
1004.jpg,224,224,cone,26,72,67,163
1004.jpg,224,224,cone,161,74,202,162
101.jpg,224,224,cone,42,1,172,187
102.jpg,224,224,cone,65,1,150,207
1025.jpg,224,224,cone,118,13,192,201
1037.jpg,224,224,cone,68,99,145,187
1037.jpg,224,224,cone,71,26,114,119
1037.jpg,224,224,cone,137,22,184,114
1039.jpg,224,224,cone,151,34,200,192
1039.jpg,224,224,cone,69,101,75,121
1039.jpg,224,224,cone,76,96,84,126
1039.jpg,224,224,cone,91,85,109,136
1043.jpg,224,224,cone,21,1,206,209
1044.jpg,224,224,cone,64,17,150,206
1047.jpg,224,224,cone,1,98,70,203
1047.jpg,224,224,cone,204,121,224,175
1047.jpg,224,224,cone,176,104,214,185
105.jpg,224,224,cone,64,20,151,180
1050.jpg,224,224,cone,26,21,118,222
1050.jpg,224,224,cone,117,1,170,103
1052.jpg,224,224,cone,62,18,140,207
1053.jpg,224,224,cone,68,70,157,192
1054.jpg,224,224,cone,54,52,130,211
1054.jpg,224,224,cone,112,14,180,163
1058.jpg,224,224,cone,59,54,126,208
1058.jpg,224,224,cone,111,11,172,162
1059.jpg,224,224,cone,109,39,176,176
1059.jpg,224,224,cone,60,68,118,210
1060.jpg,224,224,cone,48,4,192,210
1062.jpg,224,224,cone,23,3,198,220
1063.jpg,224,224,cone,66,17,151,207
1064.jpg,224,224,cone,67,69,152,188
1075.jpg,224,224,cone,1,1,222,210
1076.jpg,224,224,cone,77,99,152,188
1079.jpg,224,224,cone,27,29,195,184
108.jpg,224,224,cone,35,6,183,201
1081.jpg,224,224,cone,56,7,169,214
1084.jpg,224,224,cone,66,21,151,195
1086.jpg,224,224,cone,70,41,142,184
1087.jpg,224,224,cone,46,99,100,192
1087.jpg,224,224,cone,109,48,180,191
1088.jpg,224,224,cone,55,10,171,213
1089.jpg,224,224,cone,60,1,164,222
109.jpg,224,224,cone,16,124,83,207
109.jpg,224,224,cone,213,73,224,99
109.jpg,224,224,cone,196,78,216,108
109.jpg,224,224,cone,145,100,171,150
109.jpg,224,224,cone,170,82,197,125
109.jpg,224,224,cone,95,99,144,165
1090.jpg,224,224,cone,58,48,154,181
1091.jpg,224,224,cone,91,70,198,208
1092.jpg,224,224,cone,101,35,196,199
1092.jpg,224,224,cone,13,31,105,193
1093.jpg,224,224,cone,63,16,159,207
1094.jpg,224,224,cone,59,12,164,206
1095.jpg,224,224,cone,60,9,162,211
1096.jpg,224,224,cone,77,62,139,153
1097.jpg,224,224,cone,50,106,79,188
1097.jpg,224,224,cone,80,66,122,189
1097.jpg,224,224,cone,122,43,173,190
1098.jpg,224,224,cone,103,22,174,187
1099.jpg,224,224,cone,50,42,174,173
11.jpg,224,224,cone,54,1,169,210
110.jpg,224,224,cone,12,118,46,187
110.jpg,224,224,cone,162,49,205,183
110.jpg,224,224,cone,107,79,149,183
110.jpg,224,224,cone,59,79,91,185
1100.jpg,224,224,cone,52,10,177,198
1102.jpg,224,224,cone,25,1,206,222
1103.jpg,224,224,cone,142,1,220,195
1103.jpg,224,224,cone,3,1,84,191
1103.jpg,224,224,cone,60,25,162,221
1106.jpg,224,224,cone,54,38,173,167
1107.jpg,224,224,cone,36,9,188,213
1108.jpg,224,224,cone,1,1,224,221
111.jpg,224,224,cone,74,39,148,172
1111.jpg,224,224,cone,1,1,224,205
1112.jpg,224,224,cone,58,1,160,221
1113.jpg,224,224,cone,70,1,158,219
1114.jpg,224,224,cone,3,12,105,194
1114.jpg,224,224,cone,114,13,222,198
112.jpg,224,224,cone,75,1,144,200
1122.jpg,224,224,cone,203,135,222,191
1122.jpg,224,224,cone,118,141,135,204
1126.jpg,224,224,cone,114,49,171,185
1126.jpg,224,224,cone,53,98,94,186
1127.jpg,224,224,cone,51,107,76,178
1127.jpg,224,224,cone,133,43,163,178
1127.jpg,224,224,cone,86,66,113,179
113.jpg,224,224,cone,34,7,181,203
1130.jpg,224,224,cone,56,9,186,199
1132.jpg,224,224,cone,13,31,78,185
1132.jpg,224,224,cone,141,4,218,193
1134.jpg,224,224,cone,37,13,193,192
1135.jpg,224,224,cone,94,41,170,161
1136.jpg,224,224,cone,76,37,140,186
1136.jpg,224,224,cone,7,35,78,184
1136.jpg,224,224,cone,142,39,214,189
1137.jpg,224,224,cone,5,120,66,219
1137.jpg,224,224,cone,125,2,186,101
1137.jpg,224,224,cone,38,2,99,101
1137.jpg,224,224,cone,160,119,221,218
1137.jpg,224,224,cone,84,119,145,218
1138.jpg,224,224,cone,167,20,204,112
1138.jpg,224,224,cone,131,23,185,127
1138.jpg,224,224,cone,84,27,147,159
1138.jpg,224,224,cone,18,33,99,202
114.jpg,224,224,cone,65,1,150,187
1141.jpg,224,224,cone,7,1,206,220
1143.jpg,224,224,cone,42,6,186,196
1147.jpg,224,224,cone,54,9,159,185
1149.jpg,224,224,cone,59,42,164,209
115.jpg,224,224,cone,47,1,172,198
1152.jpg,224,224,cone,68,22,149,180
1154.jpg,224,224,cone,77,98,151,187
1155.jpg,224,224,cone,66,38,147,181
1156.jpg,224,224,cone,52,13,172,208
1157.jpg,224,224,cone,29,11,193,186
1158.jpg,224,224,cone,163,77,211,213
1158.jpg,224,224,cone,130,38,173,171
1158.jpg,224,224,cone,95,2,143,137
1158.jpg,224,224,cone,91,80,142,214
1158.jpg,224,224,cone,50,38,102,173
1158.jpg,224,224,cone,11,2,59,138
1159.jpg,224,224,cone,60,6,165,200
116.jpg,224,224,cone,33,1,182,193
1160.jpg,224,224,cone,57,10,172,213
1161.jpg,224,224,cone,27,86,64,137
1161.jpg,224,224,cone,134,64,192,146
1161.jpg,224,224,cone,125,96,148,130
1161.jpg,224,224,cone,42,30,139,164
1162.jpg,224,224,cone,38,1,187,203
1164.jpg,224,224,cone,71,23,151,192
1166.jpg,224,224,cone,72,38,142,184
1167.jpg,224,224,cone,55,11,174,216
1168.jpg,224,224,cone,62,1,165,222
117.jpg,224,224,cone,55,107,75,181
117.jpg,224,224,cone,133,42,164,177
117.jpg,224,224,cone,87,66,111,177
1171.jpg,224,224,cone,29,15,192,194
1172.jpg,224,224,cone,42,37,181,175
1173.jpg,224,224,cone,108,97,165,202
1173.jpg,224,224,cone,186,107,224,223
1174.jpg,224,224,cone,103,36,194,200
1174.jpg,224,224,cone,11,38,101,195
1175.jpg,224,224,cone,9,27,99,193
1176.jpg,224,224,cone,62,15,158,206
1177.jpg,224,224,cone,60,10,161,211
1178.jpg,224,224,cone,74,62,141,153
1179.jpg,224,224,cone,109,22,176,188
118.jpg,224,224,cone,54,8,175,198
1181.jpg,224,224,cone,96,42,170,162
1182.jpg,224,224,cone,28,70,198,196
1183.jpg,224,224,cone,46,6,174,217
1186.jpg,224,224,cone,39,11,188,215
1187.jpg,224,224,cone,1,1,223,220
119.jpg,224,224,cone,56,95,91,167
119.jpg,224,224,cone,19,41,52,112
119.jpg,224,224,cone,97,44,132,116
119.jpg,224,224,cone,170,47,205,117
119.jpg,224,224,cone,135,98,170,170
1191.jpg,224,224,cone,48,25,196,202
1194.jpg,224,224,cone,1,1,222,223
12.jpg,224,224,cone,21,17,91,182
12.jpg,224,224,cone,131,16,198,182
120.jpg,224,224,cone,73,10,149,198
1203.jpg,224,224,cone,85,61,97,77
1203.jpg,224,224,cone,106,144,133,183
1203.jpg,224,224,cone,148,71,156,87
1203.jpg,224,224,cone,120,61,130,76
1203.jpg,224,224,cone,60,74,70,92
1203.jpg,224,224,cone,49,88,65,113
1203.jpg,224,224,cone,157,82,166,105
1203.jpg,224,224,cone,150,99,161,127
1203.jpg,224,224,cone,126,119,138,151
1205.jpg,224,224,cone,77,1,151,211
1207.jpg,224,224,cone,52,107,77,189
1207.jpg,224,224,cone,121,42,175,187
1207.jpg,224,224,cone,80,66,117,187
121.jpg,224,224,cone,70,27,152,173
1212.jpg,224,224,cone,17,33,101,201
1212.jpg,224,224,cone,131,21,182,130
1212.jpg,224,224,cone,167,18,214,113
1212.jpg,224,224,cone,86,26,155,157
1216.jpg,224,224,cone,46,33,178,190
1218.jpg,224,224,cone,86,1,190,144
1219.jpg,224,224,cone,187,90,223,188
122.jpg,224,224,cone,86,42,132,170
1220.jpg,224,224,cone,114,13,191,212
1221.jpg,224,224,cone,144,99,176,171
1222.jpg,224,224,cone,178,97,223,143
1223.jpg,224,224,cone,139,37,167,101
1228.jpg,224,224,cone,101,34,156,167
1228.jpg,224,224,cone,51,1,75,68
123.jpg,224,224,cone,71,1,147,199
1230.jpg,224,224,cone,114,1,201,201
1230.jpg,224,224,cone,50,1,79,96
1231.jpg,224,224,cone,132,20,216,217
1232.jpg,224,224,cone,50,18,137,220
1235.jpg,224,224,cone,71,49,136,131
1236.jpg,224,224,cone,90,26,172,207
1237.jpg,224,224,cone,203,128,224,204
1238.jpg,224,224,cone,177,59,222,166
124.jpg,224,224,cone,64,13,159,173
1241.jpg,224,224,cone,164,88,224,201
1242.jpg,224,224,cone,100,77,122,126
1243.jpg,224,224,cone,75,66,123,165
1248.jpg,224,224,cone,185,135,218,197
125.jpg,224,224,cone,109,41,155,149
1251.jpg,224,224,cone,128,73,181,136
1254.jpg,224,224,cone,70,1,193,153
1259.jpg,224,224,cone,1,76,60,193
126.jpg,224,224,cone,18,37,68,175
126.jpg,224,224,cone,154,46,203,178
126.jpg,224,224,cone,85,37,135,175
1262.jpg,224,224,cone,95,31,162,184
1262.jpg,224,224,cone,49,1,78,91
1265.jpg,224,224,cone,66,105,99,174
1266.jpg,224,224,cone,23,51,59,126
1267.jpg,224,224,cone,26,90,57,156
127.jpg,224,224,cone,15,119,57,207
127.jpg,224,224,cone,135,2,177,90
127.jpg,224,224,cone,51,1,93,89
127.jpg,224,224,cone,169,118,211,206
127.jpg,224,224,cone,93,118,135,206
1271.jpg,224,224,cone,100,82,121,130
1272.jpg,224,224,cone,85,69,108,118
1273.jpg,224,224,cone,159,109,182,163
1274.jpg,224,224,cone,166,89,224,201
1275.jpg,224,224,cone,134,64,187,182
1275.jpg,224,224,cone,184,1,216,70
1277.jpg,224,224,cone,61,93,113,152
128.jpg,224,224,cone,35,33,79,177
128.jpg,224,224,cone,170,18,195,103
128.jpg,224,224,cone,138,23,170,119
128.jpg,224,224,cone,95,26,138,143
1282.jpg,224,224,cone,57,71,199,159
1284.jpg,224,224,cone,1,37,18,86
1285.jpg,224,224,cone,63,47,122,175
1286.jpg,224,224,cone,1,12,39,132
1288.jpg,224,224,cone,88,14,178,222
1289.jpg,224,224,cone,71,82,121,189
129.jpg,224,224,cone,39,2,186,211
1294.jpg,224,224,cone,118,90,168,135
1295.jpg,224,224,cone,181,114,210,178
1296.jpg,224,224,cone,154,61,190,149
1298.jpg,224,224,cone,107,35,185,218
13.jpg,224,224,cone,59,12,148,188
1300.jpg,224,224,cone,147,101,192,200
1301.jpg,224,224,cone,89,115,98,136
1302.jpg,224,224,cone,71,68,132,193
1304.jpg,224,224,cone,146,45,224,223
1305.jpg,224,224,cone,175,120,224,222
1306.jpg,224,224,cone,50,128,89,201
1308.jpg,224,224,cone,215,71,224,100
1311.jpg,224,224,cone,48,108,72,158
1312.jpg,224,224,cone,10,78,223,173
1313.jpg,224,224,cone,103,103,114,134
1314.jpg,224,224,cone,194,103,224,180
132.jpg,224,224,cone,88,120,130,175
1321.jpg,224,224,cone,93,114,127,186
1324.jpg,224,224,cone,90,38,165,223
1326.jpg,224,224,cone,91,62,154,189
1327.jpg,224,224,cone,113,8,160,157
1329.jpg,224,224,cone,26,106,55,159
133.jpg,224,224,cone,69,5,172,169
1332.jpg,224,224,cone,72,46,105,120
1333.jpg,224,224,cone,64,69,98,146
1334.jpg,224,224,cone,1,62,40,161
1335.jpg,224,224,cone,101,36,162,175
1336.jpg,224,224,cone,70,91,114,180
1342.jpg,224,224,cone,84,99,133,133
1343.jpg,224,224,cone,210,62,224,104
1344.jpg,224,224,cone,1,55,221,160
1345.jpg,224,224,cone,47,72,93,177
1347.jpg,224,224,cone,110,51,182,190
1348.jpg,224,224,cone,85,89,129,192
1350.jpg,224,224,cone,193,123,220,173
1351.jpg,224,224,cone,47,79,149,131
1352.jpg,224,224,cone,20,93,45,139
1353.jpg,224,224,cone,103,154,122,200
1356.jpg,224,224,cone,120,36,161,124
136.jpg,224,224,cone,34,9,181,187
1361.jpg,224,224,cone,156,96,177,151
1363.jpg,224,224,cone,85,24,160,211
1364.jpg,224,224,cone,192,96,224,204
1365.jpg,224,224,cone,59,1,207,196
1368.jpg,224,224,cone,144,135,162,171
1369.jpg,224,224,cone,103,72,136,139
137.jpg,224,224,cone,41,8,189,166
1372.jpg,224,224,cone,51,68,186,130
1373.jpg,224,224,cone,1,59,151,148
1375.jpg,224,224,cone,110,41,150,127
1376.jpg,224,224,cone,175,103,224,197
1378.jpg,224,224,cone,71,133,95,180
138.jpg,224,224,cone,45,7,176,205
1381.jpg,224,224,cone,39,97,83,175
1384.jpg,224,224,cone,5,67,37,136
1385.jpg,224,224,cone,16,112,71,222
1387.jpg,224,224,cone,162,105,185,155
1388.jpg,224,224,cone,113,54,184,216
139.jpg,224,224,cone,24,33,63,163
139.jpg,224,224,cone,169,99,199,163
139.jpg,224,224,cone,101,60,140,161
1390.jpg,224,224,cone,72,63,208,137
1392.jpg,224,224,cone,1,14,72,216
1394.jpg,224,224,cone,180,116,221,210
1395.jpg,224,224,cone,47,31,127,223
1397.jpg,224,224,cone,77,83,150,215
14.jpg,224,224,cone,3,3,219,223
140.jpg,224,224,cone,36,1,183,185
1400.jpg,224,224,cone,102,1,201,184
1401.jpg,224,224,cone,92,76,140,184
1404.jpg,224,224,cone,1,122,24,201
1405.jpg,224,224,cone,1,50,47,155
1406.jpg,224,224,cone,91,1,182,216
1407.jpg,224,224,cone,144,77,177,146
1408.jpg,224,224,cone,84,1,171,144
1409.jpg,224,224,cone,65,10,146,183
141.jpg,224,224,cone,26,15,197,192
1410.jpg,224,224,cone,140,134,172,194
1411.jpg,224,224,cone,144,26,195,132
1412.jpg,224,224,cone,87,6,178,217
1413.jpg,224,224,cone,11,72,49,155
1415.jpg,224,224,cone,126,46,158,120
1416.jpg,224,224,cone,79,72,123,163
1419.jpg,224,224,cone,99,67,150,173
142.jpg,224,224,cone,31,17,192,182
1420.jpg,224,224,cone,14,95,37,136
1422.jpg,224,224,cone,116,74,157,159
1423.jpg,224,224,cone,96,33,183,221
1426.jpg,224,224,cone,178,26,207,93
1427.jpg,224,224,cone,55,42,86,107
143.jpg,224,224,cone,47,9,170,163
1430.jpg,224,224,cone,1,78,68,205
1433.jpg,224,224,cone,85,53,209,113
1435.jpg,224,224,cone,183,50,224,166
1436.jpg,224,224,cone,117,70,187,222
1437.jpg,224,224,cone,64,100,92,156
1438.jpg,224,224,cone,153,20,223,223
1439.jpg,224,224,cone,167,115,204,199
144.jpg,224,224,cone,81,29,137,177
1440.jpg,224,224,cone,107,79,133,143
1442.jpg,224,224,cone,1,58,163,150
1444.jpg,224,224,cone,92,1,182,208
145.jpg,224,224,cone,46,7,183,207
1451.jpg,224,224,cone,84,86,223,167
1454.jpg,224,224,cone,3,115,39,191
1456.jpg,224,224,cone,5,81,53,186
1459.jpg,224,224,cone,56,75,107,184
1466.jpg,224,224,cone,85,66,149,164
147.jpg,224,224,cone,35,1,186,185
1470.jpg,224,224,cone,92,67,146,180
1471.jpg,224,224,cone,128,77,194,218
1472.jpg,224,224,cone,175,104,196,148
1474.jpg,224,224,cone,148,123,187,198
1475.jpg,224,224,cone,42,13,137,217
1477.jpg,224,224,cone,78,72,207,136
1479.jpg,224,224,cone,71,15,150,204
148.jpg,224,224,cone,40,9,181,187
1485.jpg,224,224,cone,1,66,177,146
1486.jpg,224,224,cone,68,56,114,149
1489.jpg,224,224,cone,86,114,96,132
149.jpg,224,224,cone,83,67,150,177
149.jpg,224,224,cone,125,17,162,77
149.jpg,224,224,cone,183,1,209,41
1490.jpg,224,224,cone,103,48,164,222
1491.jpg,224,224,cone,95,44,141,164
1492.jpg,224,224,cone,151,45,174,95
1493.jpg,224,224,cone,13,119,45,183
15.jpg,224,224,cone,31,138,77,195
15.jpg,224,224,cone,16,57,53,166
15.jpg,224,224,cone,54,13,102,144
15.jpg,224,224,cone,83,119,138,198
15.jpg,224,224,cone,153,60,218,166
15.jpg,224,224,cone,148,119,202,201
15.jpg,224,224,cone,82,59,137,170
15.jpg,224,224,cone,130,15,168,142
150.jpg,224,224,cone,35,95,75,198
150.jpg,224,224,cone,174,41,203,88
150.jpg,224,224,cone,146,51,175,108
150.jpg,224,224,cone,107,67,139,138
150.jpg,224,224,cone,195,34,213,78
150.jpg,224,224,cone,212,28,224,66
1501.jpg,224,224,cone,62,47,159,152
1502.jpg,224,224,cone,135,91,208,157
1504.jpg,224,224,cone,112,52,173,185
1505.jpg,224,224,cone,132,127,144,151
1509.jpg,224,224,cone,162,112,223,215
1511.jpg,224,224,cone,26,109,74,207
1515.jpg,224,224,cone,106,99,144,175
1519.jpg,224,224,cone,1,107,31,168
152.jpg,224,224,cone,50,11,164,186
1521.jpg,224,224,cone,184,142,220,214
1527.jpg,224,224,cone,108,63,148,155
1528.jpg,224,224,cone,1,79,161,146
153.jpg,224,224,cone,81,29,137,178
1533.jpg,224,224,cone,87,11,168,212
1535.jpg,224,224,cone,91,34,158,204
1536.jpg,224,224,cone,59,73,120,222
1538.jpg,224,224,cone,154,88,208,214
154.jpg,224,224,cone,23,30,75,171
154.jpg,224,224,cone,119,75,167,184
154.jpg,224,224,cone,84,39,126,178
1541.jpg,224,224,cone,61,45,84,95
1543.jpg,224,224,cone,47,65,81,143
1544.jpg,224,224,cone,192,53,224,127
1545.jpg,224,224,cone,47,99,76,160
1546.jpg,224,224,cone,153,69,224,216
1547.jpg,224,224,cone,73,56,115,152
1548.jpg,224,224,cone,1,53,155,164
1550.jpg,224,224,cone,74,111,88,148
1551.jpg,224,224,cone,97,55,168,191
1552.jpg,224,224,cone,128,121,172,207
1553.jpg,224,224,cone,96,61,147,174
1557.jpg,224,224,cone,88,43,222,113
1560.jpg,224,224,cone,18,75,194,150
1561.jpg,224,224,cone,203,99,223,149
1563.jpg,224,224,cone,82,19,155,199
1564.jpg,224,224,cone,10,32,62,134
1572.jpg,224,224,cone,105,103,119,133
1573.jpg,224,224,cone,89,116,102,141
1575.jpg,224,224,cone,1,47,171,194
1576.jpg,224,224,cone,1,92,223,188
158.jpg,224,224,cone,67,1,148,214
1583.jpg,224,224,cone,80,57,124,155
1584.jpg,224,224,cone,9,23,41,88
1589.jpg,224,224,cone,130,106,173,190
159.jpg,224,224,cone,33,112,64,207
159.jpg,224,224,cone,39,44,64,87
159.jpg,224,224,cone,32,81,59,147
1590.jpg,224,224,cone,2,39,36,108
1591.jpg,224,224,cone,69,24,161,222
1593.jpg,224,224,cone,204,96,224,143
1594.jpg,224,224,cone,1,132,23,196
1596.jpg,224,224,cone,149,91,181,152
1597.jpg,224,224,cone,1,69,70,222
16.jpg,224,224,cone,65,87,103,190
16.jpg,224,224,cone,53,61,80,152
16.jpg,224,224,cone,104,65,133,173
16.jpg,224,224,cone,135,45,168,147
160.jpg,224,224,cone,75,11,131,153
1600.jpg,224,224,cone,158,102,206,196
1601.jpg,224,224,cone,182,114,213,180
1603.jpg,224,224,cone,39,107,73,181
1604.jpg,224,224,cone,32,115,79,206
1606.jpg,224,224,cone,184,48,224,149
1608.jpg,224,224,cone,1,79,58,189
1609.jpg,224,224,cone,30,92,86,203
161.jpg,224,224,cone,29,1,192,207
1610.jpg,224,224,cone,108,38,168,167
1613.jpg,224,224,cone,21,37,111,221
1614.jpg,224,224,cone,109,104,141,176
1619.jpg,224,224,cone,114,79,130,112
162.jpg,224,224,cone,92,37,144,173
1620.jpg,224,224,cone,30,85,167,157
1621.jpg,224,224,cone,163,65,224,180
1622.jpg,224,224,cone,182,132,215,198
1624.jpg,224,224,cone,125,32,207,210
1626.jpg,224,224,cone,74,106,106,180
1628.jpg,224,224,cone,173,118,205,186
163.jpg,224,224,cone,74,8,155,188
1630.jpg,224,224,cone,75,87,170,179
1631.jpg,224,224,cone,156,102,215,218
1633.jpg,224,224,cone,62,11,145,204
164.jpg,224,224,cone,167,36,211,185
164.jpg,224,224,cone,109,32,135,176
164.jpg,224,224,cone,4,36,48,185
164.jpg,224,224,cone,26,55,69,205
164.jpg,224,224,cone,59,66,102,212
164.jpg,224,224,cone,118,58,162,207
1640.jpg,224,224,cone,1,90,50,201
1641.jpg,224,224,cone,164,116,193,184
1643.jpg,224,224,cone,72,110,126,163
165.jpg,224,224,cone,73,37,149,180
165.jpg,224,224,cone,66,19,100,114
1653.jpg,224,224,cone,141,14,217,197
1654.jpg,224,224,cone,154,98,181,160
1656.jpg,224,224,cone,79,114,97,149
1658.jpg,224,224,cone,130,99,165,168
1659.jpg,224,224,cone,179,81,199,116
166.jpg,224,224,cone,61,88,83,191
166.jpg,224,224,cone,9,46,26,126
166.jpg,224,224,cone,112,23,133,94
166.jpg,224,224,cone,190,54,212,141
1660.jpg,224,224,cone,64,96,88,141
1662.jpg,224,224,cone,133,80,166,148
1664.jpg,224,224,cone,130,27,174,132
1665.jpg,224,224,cone,22,86,105,188
1668.jpg,224,224,cone,169,107,224,219
167.jpg,224,224,cone,41,1,179,200
1670.jpg,224,224,cone,195,14,224,126
1671.jpg,224,224,cone,25,84,64,155
1672.jpg,224,224,cone,77,55,153,223
1672.jpg,224,224,cone,36,1,67,129
1673.jpg,224,224,cone,59,94,185,162
1674.jpg,224,224,cone,47,65,209,145
1679.jpg,224,224,cone,193,64,224,161
168.jpg,224,224,cone,22,33,58,159
168.jpg,224,224,cone,164,45,211,168
168.jpg,224,224,cone,116,1,149,56
1682.jpg,224,224,cone,5,31,28,73
1684.jpg,224,224,cone,171,59,223,162
1685.jpg,224,224,cone,63,85,102,168
1687.jpg,224,224,cone,56,96,97,184
1688.jpg,224,224,cone,149,86,206,191
1692.jpg,224,224,cone,1,64,37,186
1693.jpg,224,224,cone,14,101,64,199
1694.jpg,224,224,cone,93,45,111,86
1696.jpg,224,224,cone,1,46,58,160
1697.jpg,224,224,cone,1,71,223,169
17.jpg,224,224,cone,81,96,141,188
171.jpg,224,224,cone,66,41,158,159
172.jpg,224,224,cone,69,2,162,181
173.jpg,224,224,cone,76,37,151,173
174.jpg,224,224,cone,34,1,189,205
175.jpg,224,224,cone,39,1,157,190
176.jpg,224,224,cone,25,8,90,163
176.jpg,224,224,cone,122,21,190,193
178.jpg,224,224,cone,27,29,203,204
179.jpg,224,224,cone,60,15,160,178
18.jpg,224,224,cone,21,28,54,155
180.jpg,224,224,cone,84,1,139,188
181.jpg,224,224,cone,45,4,170,187
182.jpg,224,224,cone,63,13,105,152
182.jpg,224,224,cone,121,37,162,150
184.jpg,224,224,cone,42,21,103,220
184.jpg,224,224,cone,124,1,165,97
186.jpg,224,224,cone,46,6,187,177
187.jpg,224,224,cone,69,3,150,206
188.jpg,224,224,cone,69,1,156,214
19.jpg,224,224,cone,66,39,148,183
190.jpg,224,224,cone,21,84,61,207
190.jpg,224,224,cone,152,76,192,199
191.jpg,224,224,cone,61,5,161,198
195.jpg,224,224,cone,83,1,146,189
196.jpg,224,224,cone,60,32,157,177
2.jpg,224,224,cone,36,1,101,103
2.jpg,224,224,cone,124,1,188,103
2.jpg,224,224,cone,3,120,66,219
2.jpg,224,224,cone,81,118,149,221
2.jpg,224,224,cone,157,117,220,221
20.jpg,224,224,cone,49,13,173,209
200.jpg,224,224,cone,39,9,181,190
201.jpg,224,224,cone,74,42,147,138
202.jpg,224,224,cone,25,5,109,186
206.jpg,224,224,cone,59,6,162,199
208.jpg,224,224,cone,68,8,150,175
209.jpg,224,224,cone,56,12,161,177
21.jpg,224,224,cone,26,29,194,188
210.jpg,224,224,cone,64,8,159,181
211.jpg,224,224,cone,132,77,217,206
211.jpg,224,224,cone,66,9,100,79
211.jpg,224,224,cone,83,32,138,122
212.jpg,224,224,cone,104,67,123,110
214.jpg,224,224,cone,82,43,139,189
215.jpg,224,224,cone,63,85,96,208
215.jpg,224,224,cone,123,47,164,209
216.jpg,224,224,cone,67,40,161,150
217.jpg,224,224,cone,68,11,148,190
218.jpg,224,224,cone,48,1,174,210
219.jpg,224,224,cone,70,6,144,194
22.jpg,224,224,cone,45,18,173,195
220.jpg,224,224,cone,19,110,56,208
220.jpg,224,224,cone,154,1,211,194
220.jpg,224,224,cone,81,52,135,196
221.jpg,224,224,cone,79,12,130,152
222.jpg,224,224,cone,118,40,175,186
222.jpg,224,224,cone,194,81,223,140
222.jpg,224,224,cone,33,88,68,135
223.jpg,224,224,cone,12,117,46,189
223.jpg,224,224,cone,163,49,208,184
223.jpg,224,224,cone,108,79,148,183
223.jpg,224,224,cone,59,79,94,184
224.jpg,224,224,cone,87,42,139,169
227.jpg,224,224,cone,46,5,182,177
229.jpg,224,224,cone,56,11,170,185
23.jpg,224,224,cone,9,3,58,137
23.jpg,224,224,cone,51,39,96,174
23.jpg,224,224,cone,90,80,136,213
23.jpg,224,224,cone,160,78,209,212
23.jpg,224,224,cone,134,38,171,173
23.jpg,224,224,cone,97,3,139,128
230.jpg,224,224,cone,84,30,131,178
231.jpg,224,224,cone,119,75,171,189
231.jpg,224,224,cone,25,30,74,167
231.jpg,224,224,cone,80,41,129,179
234.jpg,224,224,cone,75,3,150,216
235.jpg,224,224,cone,60,7,164,199
237.jpg,224,224,cone,26,1,186,192
238.jpg,224,224,cone,76,11,130,153
24.jpg,224,224,cone,75,8,154,191
240.jpg,224,224,cone,73,9,153,193
244.jpg,224,224,cone,176,63,207,184
244.jpg,224,224,cone,90,111,157,202
244.jpg,224,224,cone,7,15,36,90
244.jpg,224,224,cone,49,21,84,109
245.jpg,224,224,cone,38,3,175,204
246.jpg,224,224,cone,18,34,57,160
246.jpg,224,224,cone,107,1,148,65
246.jpg,224,224,cone,161,49,210,166
247.jpg,224,224,cone,74,12,145,188
249.jpg,224,224,cone,68,39,153,158
25.jpg,224,224,cone,32,43,92,185
25.jpg,224,224,cone,86,13,137,156
25.jpg,224,224,cone,136,43,192,185
253.jpg,224,224,cone,134,1,212,205
254.jpg,224,224,cone,69,17,148,176
256.jpg,224,224,cone,48,8,172,177
257.jpg,224,224,cone,62,13,107,156
257.jpg,224,224,cone,123,36,166,151
258.jpg,224,224,cone,83,67,146,179
258.jpg,224,224,cone,180,1,216,41
258.jpg,224,224,cone,123,16,158,77
26.jpg,224,224,cone,79,22,137,184
264.jpg,224,224,cone,94,130,145,211
265.jpg,224,224,cone,73,5,142,204
268.jpg,224,224,cone,60,5,155,199
27.jpg,224,224,cone,71,1,154,202
271.jpg,224,224,cone,87,1,137,189
271.jpg,224,224,cone,6,3,64,20
271.jpg,224,224,cone,6,210,144,215
275.jpg,224,224,cone,120,25,189,145
280.jpg,224,224,cone,72,6,148,175
282.jpg,224,224,cone,84,42,138,189
282.jpg,224,224,cone,5,9,86,26
283.jpg,224,224,cone,58,85,100,220
283.jpg,224,224,cone,115,47,172,217
284.jpg,224,224,cone,23,7,88,163
284.jpg,224,224,cone,123,20,186,192
285.jpg,224,224,cone,123,100,170,185
285.jpg,224,224,cone,33,18,46,39
285.jpg,224,224,cone,80,2,89,17
285.jpg,224,224,cone,111,1,116,9
286.jpg,224,224,cone,74,38,153,154
286.jpg,224,224,cone,46,210,179,221
287.jpg,224,224,cone,53,45,101,182
29.jpg,224,224,cone,87,39,133,173
290.jpg,224,224,cone,65,7,155,197
293.jpg,224,224,cone,87,43,131,170
295.jpg,224,224,cone,69,16,157,172
296.jpg,224,224,cone,2,33,48,213
296.jpg,224,224,cone,111,82,118,112
296.jpg,224,224,cone,97,78,109,119
298.jpg,224,224,cone,35,8,196,214
3.jpg,224,224,cone,18,33,100,203
3.jpg,224,224,cone,84,27,149,161
3.jpg,224,224,cone,134,23,184,133
3.jpg,224,224,cone,169,20,208,114
30.jpg,224,224,cone,74,11,152,193
302.jpg,224,224,cone,35,7,200,164
303.jpg,224,224,cone,44,7,189,160
31.jpg,224,224,cone,79,1,143,201
310.jpg,224,224,cone,39,16,176,210
311.jpg,224,224,cone,34,2,177,206
312.jpg,224,224,cone,87,19,212,173
312.jpg,224,224,cone,1,5,65,181
313.jpg,224,224,cone,18,9,76,116
313.jpg,224,224,cone,130,19,195,97
313.jpg,224,224,cone,23,129,71,205
313.jpg,224,224,cone,140,128,205,206
315.jpg,224,224,cone,42,2,187,188
316.jpg,224,224,cone,133,39,162,181
316.jpg,224,224,cone,52,105,73,182
316.jpg,224,224,cone,86,66,114,180
318.jpg,224,224,cone,89,94,154,202
32.jpg,224,224,cone,68,50,144,169
320.jpg,224,224,cone,87,44,124,175
321.jpg,224,224,cone,71,66,140,180
322.jpg,224,224,cone,22,37,69,172
322.jpg,224,224,cone,85,36,131,173
322.jpg,224,224,cone,154,46,207,177
324.jpg,224,224,cone,178,58,216,147
324.jpg,224,224,cone,37,60,73,147
324.jpg,224,224,cone,77,52,112,145
324.jpg,224,224,cone,119,64,154,148
326.jpg,224,224,cone,105,68,134,150
326.jpg,224,224,cone,190,45,219,111
327.jpg,224,224,cone,64,21,162,188
329.jpg,224,224,cone,137,130,167,195
329.jpg,224,224,cone,163,111,180,155
329.jpg,224,224,cone,174,105,190,145
329.jpg,224,224,cone,187,99,198,135
329.jpg,224,224,cone,151,121,173,174
33.jpg,224,224,cone,22,52,69,173
33.jpg,224,224,cone,57,75,107,194
33.jpg,224,224,cone,130,75,178,195
33.jpg,224,224,cone,165,52,197,172
33.jpg,224,224,cone,103,51,135,168
330.jpg,224,224,cone,88,61,135,160
331.jpg,224,224,cone,3,147,12,168
331.jpg,224,224,cone,134,124,145,178
331.jpg,224,224,cone,189,154,197,166
331.jpg,224,224,cone,163,152,172,168
331.jpg,224,224,cone,50,149,56,167
331.jpg,224,224,cone,30,141,39,167
331.jpg,224,224,cone,94,142,104,172
332.jpg,224,224,cone,73,7,148,191
334.jpg,224,224,cone,61,7,180,190
335.jpg,224,224,cone,115,119,139,167
336.jpg,224,224,cone,25,17,94,180
336.jpg,224,224,cone,130,17,199,180
337.jpg,224,224,cone,76,22,139,191
338.jpg,224,224,cone,69,12,162,172
338.jpg,224,224,cone,62,59,93,115
34.jpg,224,224,cone,30,37,92,178
34.jpg,224,224,cone,122,35,182,184
340.jpg,224,224,cone,113,70,187,198
341.jpg,224,224,cone,76,10,147,192
342.jpg,224,224,cone,74,1,144,193
343.jpg,224,224,cone,65,1,167,204
346.jpg,224,224,cone,67,70,98,145
346.jpg,224,224,cone,131,68,162,143
347.jpg,224,224,cone,106,78,125,129
347.jpg,224,224,cone,87,32,94,43
347.jpg,224,224,cone,160,34,171,47
347.jpg,224,224,cone,142,39,153,60
348.jpg,224,224,cone,73,124,127,215
348.jpg,224,224,cone,112,111,161,199
349.jpg,224,224,cone,89,49,137,158
35.jpg,224,224,cone,40,24,79,178
350.jpg,224,224,cone,66,4,154,200
353.jpg,224,224,cone,1,136,11,222
353.jpg,224,224,cone,198,23,212,90
353.jpg,224,224,cone,181,33,195,104
353.jpg,224,224,cone,166,42,179,117
353.jpg,224,224,cone,148,50,164,128
353.jpg,224,224,cone,129,61,147,144
353.jpg,224,224,cone,104,73,124,160
353.jpg,224,224,cone,72,87,93,180
353.jpg,224,224,cone,31,107,52,209
353.jpg,224,224,cone,214,15,224,81
354.jpg,224,224,cone,34,17,93,199
354.jpg,224,224,cone,133,19,190,199
355.jpg,224,224,cone,77,14,142,189
356.jpg,224,224,cone,40,1,175,185
357.jpg,224,224,cone,20,27,42,96
358.jpg,224,224,cone,86,27,143,199
359.jpg,224,224,cone,114,19,184,125
36.jpg,224,224,cone,59,10,164,213
360.jpg,224,224,cone,121,92,176,189
363.jpg,224,224,cone,162,27,212,87
363.jpg,224,224,cone,68,17,115,68
363.jpg,224,224,cone,5,12,48,55
363.jpg,224,224,cone,172,2,191,22
364.jpg,224,224,cone,19,64,65,145
364.jpg,224,224,cone,91,65,139,145
364.jpg,224,224,cone,161,65,204,146
365.jpg,224,224,cone,99,15,131,166
366.jpg,224,224,cone,37,18,178,218
367.jpg,224,224,cone,37,1,184,200
368.jpg,224,224,cone,75,10,156,205
369.jpg,224,224,cone,65,9,161,187
37.jpg,224,224,cone,87,61,131,143
370.jpg,224,224,cone,70,26,133,180
371.jpg,224,224,cone,31,1,191,203
372.jpg,224,224,cone,82,1,146,204
373.jpg,224,224,cone,66,16,164,155
374.jpg,224,224,cone,81,73,184,208
375.jpg,224,224,cone,113,19,163,184
375.jpg,224,224,cone,48,79,59,111
375.jpg,224,224,cone,61,69,82,122
376.jpg,224,224,cone,80,17,144,193
377.jpg,224,224,cone,53,19,172,182
381.jpg,224,224,cone,56,6,182,193
383.jpg,224,224,cone,48,7,187,198
384.jpg,224,224,cone,73,12,158,186
39.jpg,224,224,cone,1,57,25,136
39.jpg,224,224,cone,27,79,46,132
39.jpg,224,224,cone,46,91,56,131
39.jpg,224,224,cone,56,98,63,130
39.jpg,224,224,cone,64,104,68,131
39.jpg,224,224,cone,181,1,224,154
39.jpg,224,224,cone,146,58,169,133
39.jpg,224,224,cone,125,81,147,131
39.jpg,224,224,cone,119,92,131,130
39.jpg,224,224,cone,114,98,123,131
39.jpg,224,224,cone,110,103,117,131
39.jpg,224,224,cone,105,107,110,130
39.jpg,224,224,cone,70,109,75,129
390.jpg,224,224,cone,8,82,53,155
390.jpg,224,224,cone,161,83,201,156
390.jpg,224,224,cone,108,83,152,155
390.jpg,224,224,cone,58,83,103,155
391.jpg,224,224,cone,42,32,104,140
391.jpg,224,224,cone,4,2,56,102
391.jpg,224,224,cone,92,3,132,108
391.jpg,224,224,cone,170,3,220,103
391.jpg,224,224,cone,126,32,188,140
392.jpg,224,224,cone,68,16,156,167
394.jpg,224,224,cone,54,1,84,56
395.jpg,224,224,cone,54,8,174,175
399.jpg,224,224,cone,38,1,184,188
4.jpg,224,224,cone,3,2,217,222
40.jpg,224,224,cone,22,17,81,178
40.jpg,224,224,cone,131,15,194,179
400.jpg,224,224,cone,51,105,74,182
400.jpg,224,224,cone,132,39,166,180
400.jpg,224,224,cone,84,65,114,180
401.jpg,224,224,cone,72,65,153,177
404.jpg,224,224,cone,78,28,117,107
407.jpg,224,224,cone,107,66,141,151
407.jpg,224,224,cone,195,44,217,112
408.jpg,224,224,cone,63,21,165,190
409.jpg,224,224,cone,91,60,132,161
41.jpg,224,224,cone,119,24,159,169
413.jpg,224,224,cone,25,17,86,179
413.jpg,224,224,cone,133,16,194,178
42.jpg,224,224,cone,81,41,144,160
425.jpg,224,224,cone,1,63,114,215
426.jpg,224,224,cone,75,126,125,214
426.jpg,224,224,cone,114,112,156,192
43.jpg,224,224,cone,59,1,165,186
432.jpg,224,224,cone,32,19,93,201
432.jpg,224,224,cone,131,18,198,195
434.jpg,224,224,cone,13,1,215,204
440.jpg,224,224,cone,89,62,102,118
440.jpg,224,224,cone,118,66,125,89
440.jpg,224,224,cone,142,74,166,109
440.jpg,224,224,cone,110,124,188,210
442.jpg,224,224,cone,114,89,178,194
448.jpg,224,224,cone,13,36,46,133
448.jpg,224,224,cone,181,85,209,179
448.jpg,224,224,cone,67,36,101,147
448.jpg,224,224,cone,123,46,158,164
45.jpg,224,224,cone,42,2,176,191
451.jpg,224,224,cone,7,91,24,132
451.jpg,224,224,cone,165,89,181,132
451.jpg,224,224,cone,132,90,149,133
451.jpg,224,224,cone,101,90,116,132
451.jpg,224,224,cone,70,90,87,133
451.jpg,224,224,cone,39,90,55,133
451.jpg,224,224,cone,196,90,213,132
452.jpg,224,224,cone,77,1,152,203
46.jpg,224,224,cone,15,1,84,175
46.jpg,224,224,cone,71,26,150,198
46.jpg,224,224,cone,143,1,209,170
464.jpg,224,224,cone,67,18,168,171
47.jpg,224,224,cone,62,10,164,198
477.jpg,224,224,cone,69,5,167,214
48.jpg,224,224,cone,1,60,17,166
48.jpg,224,224,cone,37,56,66,155
48.jpg,224,224,cone,76,55,102,148
48.jpg,224,224,cone,111,52,137,140
48.jpg,224,224,cone,174,46,195,123
48.jpg,224,224,cone,199,43,221,120
483.jpg,224,224,cone,61,20,175,196
485.jpg,224,224,cone,68,60,155,184
486.jpg,224,224,cone,48,8,170,209
488.jpg,224,224,cone,116,118,140,167
49.jpg,224,224,cone,61,13,150,184
492.jpg,224,224,cone,19,16,105,191
492.jpg,224,224,cone,169,59,177,76
492.jpg,224,224,cone,203,44,210,78
492.jpg,224,224,cone,35,49,40,64
492.jpg,224,224,cone,109,47,116,70
492.jpg,224,224,cone,138,47,145,73
492.jpg,224,224,cone,156,46,163,74
492.jpg,224,224,cone,123,46,129,71
492.jpg,224,224,cone,87,47,94,69
492.jpg,224,224,cone,98,45,103,69
492.jpg,224,224,cone,178,45,184,78
493.jpg,224,224,cone,58,99,89,222
493.jpg,224,224,cone,42,10,57,59
493.jpg,224,224,cone,160,1,169,33
50.jpg,224,224,cone,54,1,171,173
51.jpg,224,224,cone,75,1,133,195
518.jpg,224,224,cone,46,40,83,153
518.jpg,224,224,cone,125,34,178,193
52.jpg,224,224,cone,34,1,181,184
53.jpg,224,224,cone,69,1,147,207
530.jpg,224,224,cone,14,44,53,157
530.jpg,224,224,cone,58,70,103,167
530.jpg,224,224,cone,117,43,167,148
530.jpg,224,224,cone,165,72,208,166
54.jpg,224,224,cone,82,1,146,199
55.jpg,224,224,cone,61,5,160,198
550.jpg,224,224,cone,73,9,153,184
551.jpg,224,224,cone,89,63,129,174
552.jpg,224,224,cone,71,1,154,218
56.jpg,224,224,cone,27,12,94,187
56.jpg,224,224,cone,137,13,204,188
563.jpg,224,224,cone,28,123,77,211
563.jpg,224,224,cone,141,123,190,211
563.jpg,224,224,cone,142,12,191,100
563.jpg,224,224,cone,32,11,81,99
563.jpg,224,224,cone,86,79,135,167
566.jpg,224,224,cone,64,17,158,203
57.jpg,224,224,cone,68,18,145,181
572.jpg,224,224,cone,129,71,200,194
572.jpg,224,224,cone,19,33,56,98
572.jpg,224,224,cone,47,40,94,118
572.jpg,224,224,cone,86,50,137,142
573.jpg,224,224,cone,52,7,174,213
58.jpg,224,224,cone,71,2,144,204
581.jpg,224,224,cone,18,84,121,209
581.jpg,224,224,cone,114,5,202,188
587.jpg,224,224,cone,60,71,157,190
588.jpg,224,224,cone,49,1,178,196
589.jpg,224,224,cone,55,7,169,190
59.jpg,224,224,cone,60,4,157,201
590.jpg,224,224,cone,37,1,145,221
591.jpg,224,224,cone,25,7,198,215
592.jpg,224,224,cone,43,8,178,178
598.jpg,224,224,cone,48,1,182,207
6.jpg,224,224,cone,61,76,119,213
6.jpg,224,224,cone,38,40,83,176
6.jpg,224,224,cone,12,6,56,142
6.jpg,224,224,cone,158,76,212,212
6.jpg,224,224,cone,130,40,175,178
6.jpg,224,224,cone,107,6,148,140
60.jpg,224,224,cone,25,1,86,199
60.jpg,224,224,cone,45,63,189,213
600.jpg,224,224,cone,56,51,125,207
600.jpg,224,224,cone,110,17,177,167
601.jpg,224,224,cone,55,70,125,212
601.jpg,224,224,cone,112,39,175,177
602.jpg,224,224,cone,39,1,153,220
603.jpg,224,224,cone,25,77,57,177
603.jpg,224,224,cone,171,76,203,176
603.jpg,224,224,cone,120,76,152,176
603.jpg,224,224,cone,71,76,103,176
604.jpg,224,224,cone,58,6,162,187
606.jpg,224,224,cone,59,85,102,220
606.jpg,224,224,cone,114,46,175,219
608.jpg,224,224,cone,76,45,163,187
609.jpg,224,224,cone,72,69,153,189
610.jpg,224,224,cone,19,89,111,216
610.jpg,224,224,cone,115,5,209,207
611.jpg,224,224,cone,58,10,168,215
612.jpg,224,224,cone,7,127,102,211
612.jpg,224,224,cone,30,9,84,100
612.jpg,224,224,cone,135,7,200,103
612.jpg,224,224,cone,120,127,216,202
613.jpg,224,224,cone,3,35,49,110
613.jpg,224,224,cone,177,59,224,114
613.jpg,224,224,cone,117,54,175,111
613.jpg,224,224,cone,57,55,114,113
614.jpg,224,224,cone,80,26,185,143
615.jpg,224,224,cone,91,74,132,165
616.jpg,224,224,cone,56,20,165,176
617.jpg,224,224,cone,44,40,178,172
618.jpg,224,224,cone,24,169,46,191
618.jpg,224,224,cone,159,168,181,190
618.jpg,224,224,cone,117,168,139,190
618.jpg,224,224,cone,72,167,94,189
619.jpg,224,224,cone,86,85,113,144
619.jpg,224,224,cone,118,77,144,130
62.jpg,224,224,cone,40,7,178,199
620.jpg,224,224,cone,61,17,163,204
621.jpg,224,224,cone,9,70,121,184
621.jpg,224,224,cone,114,90,178,167
621.jpg,224,224,cone,162,103,198,156
622.jpg,224,224,cone,38,8,187,196
623.jpg,224,224,cone,61,61,99,132
623.jpg,224,224,cone,81,70,140,165
623.jpg,224,224,cone,132,64,170,138
624.jpg,224,224,cone,5,94,74,213
624.jpg,224,224,cone,58,66,118,181
624.jpg,224,224,cone,101,43,152,156
624.jpg,224,224,cone,142,21,193,131
624.jpg,224,224,cone,180,6,222,106
627.jpg,224,224,cone,44,114,86,220
627.jpg,224,224,cone,41,3,85,109
627.jpg,224,224,cone,91,3,133,109
627.jpg,224,224,cone,135,4,177,110
627.jpg,224,224,cone,137,114,179,220
627.jpg,224,224,cone,90,113,132,220
629.jpg,224,224,cone,70,32,174,188
63.jpg,224,224,cone,34,3,176,203
630.jpg,224,224,cone,14,7,206,216
631.jpg,224,224,cone,18,87,75,187
631.jpg,224,224,cone,43,125,154,207
631.jpg,224,224,cone,153,86,204,189
632.jpg,224,224,cone,42,50,113,139
632.jpg,224,224,cone,118,70,186,172
633.jpg,224,224,cone,158,63,213,192
633.jpg,224,224,cone,47,112,131,191
633.jpg,224,224,cone,125,66,159,170
634.jpg,224,224,cone,48,5,174,217
635.jpg,224,224,cone,60,5,134,213
636.jpg,224,224,cone,17,16,204,193
637.jpg,224,224,cone,46,16,89,191
637.jpg,224,224,cone,17,102,58,205
637.jpg,224,224,cone,157,101,214,207
637.jpg,224,224,cone,137,15,180,187
637.jpg,224,224,cone,83,49,141,203
639.jpg,224,224,cone,63,7,158,196
64.jpg,224,224,cone,83,27,134,139
640.jpg,224,224,cone,33,12,170,205
643.jpg,224,224,cone,24,15,68,194
643.jpg,224,224,cone,170,86,206,194
643.jpg,224,224,cone,104,45,145,192
646.jpg,224,224,cone,65,25,165,182
647.jpg,224,224,cone,40,6,182,215
649.jpg,224,224,cone,114,27,191,215
65.jpg,224,224,cone,77,42,143,195
652.jpg,224,224,cone,124,22,200,191
656.jpg,224,224,cone,93,66,139,199
658.jpg,224,224,cone,53,4,175,220
659.jpg,224,224,cone,125,24,208,187
659.jpg,224,224,cone,66,30,110,102
659.jpg,224,224,cone,11,115,55,187
659.jpg,224,224,cone,11,29,55,101
659.jpg,224,224,cone,64,117,108,189
662.jpg,224,224,cone,73,37,149,185
662.jpg,224,224,cone,65,18,104,115
663.jpg,224,224,cone,64,22,154,192
665.jpg,224,224,cone,116,2,201,166
665.jpg,224,224,cone,8,93,130,218
667.jpg,224,224,cone,6,32,112,188
667.jpg,224,224,cone,117,33,218,188
668.jpg,224,224,cone,33,19,98,176
668.jpg,224,224,cone,122,44,203,171
669.jpg,224,224,cone,12,97,116,207
669.jpg,224,224,cone,132,55,154,82
669.jpg,224,224,cone,122,59,147,99
669.jpg,224,224,cone,92,73,138,130
669.jpg,224,224,cone,169,39,179,52
669.jpg,224,224,cone,162,41,169,54
669.jpg,224,224,cone,157,42,165,58
669.jpg,224,224,cone,152,44,160,62
669.jpg,224,224,cone,145,47,158,66
670.jpg,224,224,cone,1,184,22,223
670.jpg,224,224,cone,209,58,218,73
670.jpg,224,224,cone,192,66,204,83
670.jpg,224,224,cone,174,78,187,97
670.jpg,224,224,cone,155,89,169,114
670.jpg,224,224,cone,132,105,150,135
670.jpg,224,224,cone,105,141,143,166
670.jpg,224,224,cone,74,136,98,180
670.jpg,224,224,cone,40,155,69,212
672.jpg,224,224,cone,8,49,103,182
672.jpg,224,224,cone,124,31,220,149
674.jpg,224,224,cone,42,22,86,189
674.jpg,224,224,cone,135,21,181,187
676.jpg,224,224,cone,112,100,149,198
676.jpg,224,224,cone,59,73,85,150
676.jpg,224,224,cone,44,54,60,120
676.jpg,224,224,cone,37,32,43,91
677.jpg,224,224,cone,160,61,208,191
677.jpg,224,224,cone,125,68,155,170
677.jpg,224,224,cone,53,112,130,190
678.jpg,224,224,cone,38,56,78,163
678.jpg,224,224,cone,103,71,121,147
678.jpg,224,224,cone,117,66,138,166
678.jpg,224,224,cone,137,53,165,166
678.jpg,224,224,cone,143,20,223,195
678.jpg,224,224,cone,65,44,125,170
68.jpg,224,224,cone,90,99,132,179
681.jpg,224,224,cone,132,74,197,169
682.jpg,224,224,cone,68,23,143,183
683.jpg,224,224,cone,101,129,122,162
684.jpg,224,224,cone,81,42,141,190
686.jpg,224,224,cone,133,32,181,197
687.jpg,224,224,cone,92,54,212,216
69.jpg,224,224,cone,61,24,161,196
692.jpg,224,224,cone,121,38,170,130
693.jpg,224,224,cone,139,84,207,137
693.jpg,224,224,cone,73,28,104,83
693.jpg,224,224,cone,83,66,140,112
694.jpg,224,224,cone,95,61,135,175
696.jpg,224,224,cone,36,110,92,202
696.jpg,224,224,cone,193,56,200,71
696.jpg,224,224,cone,174,59,187,89
696.jpg,224,224,cone,154,66,176,103
696.jpg,224,224,cone,114,81,151,135
697.jpg,224,224,cone,20,58,89,202
698.jpg,224,224,cone,70,5,118,98
699.jpg,224,224,cone,135,68,202,180
7.jpg,224,224,cone,45,5,179,195
70.jpg,224,224,cone,82,38,132,167
700.jpg,224,224,cone,76,41,142,141
701.jpg,224,224,cone,39,116,63,216
701.jpg,224,224,cone,116,1,124,24
701.jpg,224,224,cone,156,7,167,40
701.jpg,224,224,cone,107,12,119,48
701.jpg,224,224,cone,174,32,193,84
701.jpg,224,224,cone,90,39,103,101
701.jpg,224,224,cone,199,74,220,151
701.jpg,224,224,cone,149,1,158,24
702.jpg,224,224,cone,121,23,168,156
703.jpg,224,224,cone,92,93,129,185
703.jpg,224,224,cone,110,82,122,116
704.jpg,224,224,cone,39,143,103,217
704.jpg,224,224,cone,104,99,148,161
704.jpg,224,224,cone,154,77,200,136
709.jpg,224,224,cone,133,162,180,222
709.jpg,224,224,cone,50,1,62,21
71.jpg,224,224,cone,27,13,87,189
71.jpg,224,224,cone,140,13,200,189
711.jpg,224,224,cone,28,39,47,97
711.jpg,224,224,cone,170,31,187,90
713.jpg,224,224,cone,105,150,128,216
713.jpg,224,224,cone,213,135,224,201
714.jpg,224,224,cone,88,98,156,186
714.jpg,224,224,cone,38,11,179,84
715.jpg,224,224,cone,40,109,75,181
716.jpg,224,224,cone,80,70,138,159
718.jpg,224,224,cone,1,36,101,217
718.jpg,224,224,cone,47,1,101,95
718.jpg,224,224,cone,105,1,146,53
72.jpg,224,224,cone,67,11,151,147
720.jpg,224,224,cone,103,171,122,214
720.jpg,224,224,cone,167,172,186,215
721.jpg,224,224,cone,175,2,220,129
723.jpg,224,224,cone,90,68,183,183
724.jpg,224,224,cone,61,34,145,172
727.jpg,224,224,cone,109,92,184,184
729.jpg,224,224,cone,74,30,146,122
73.jpg,224,224,cone,61,30,159,164
731.jpg,224,224,cone,159,143,180,197
733.jpg,224,224,cone,38,77,81,202
733.jpg,224,224,cone,46,11,108,156
733.jpg,224,224,cone,73,1,101,85
734.jpg,224,224,cone,80,40,131,162
734.jpg,224,224,cone,118,57,224,93
735.jpg,224,224,cone,125,129,145,204
736.jpg,224,224,cone,64,38,104,120
737.jpg,224,224,cone,25,8,73,110
74.jpg,224,224,cone,74,10,149,189
742.jpg,224,224,cone,140,30,183,112
743.jpg,224,224,cone,120,144,148,190
744.jpg,224,224,cone,130,28,162,133
746.jpg,224,224,cone,98,98,155,174
746.jpg,224,224,cone,40,13,168,83
748.jpg,224,224,cone,208,21,224,78
748.jpg,224,224,cone,140,1,151,37
748.jpg,224,224,cone,131,12,138,55
748.jpg,224,224,cone,138,24,153,68
748.jpg,224,224,cone,162,25,180,75
749.jpg,224,224,cone,129,39,185,132
75.jpg,224,224,cone,32,44,87,183
75.jpg,224,224,cone,84,17,139,156
75.jpg,224,224,cone,138,43,193,182
753.jpg,224,224,cone,9,108,38,162
753.jpg,224,224,cone,205,4,219,28
753.jpg,224,224,cone,177,19,196,48
753.jpg,224,224,cone,138,38,159,71
753.jpg,224,224,cone,84,63,106,106
754.jpg,224,224,cone,17,40,118,203
757.jpg,224,224,cone,138,86,210,139
757.jpg,224,224,cone,71,33,100,76
757.jpg,224,224,cone,85,66,137,112
758.jpg,224,224,cone,15,36,36,85
758.jpg,224,224,cone,49,35,70,84
758.jpg,224,224,cone,77,35,98,84
758.jpg,224,224,cone,127,33,143,80
758.jpg,224,224,cone,155,34,175,81
758.jpg,224,224,cone,177,33,198,82
76.jpg,224,224,cone,80,22,135,183
760.jpg,224,224,cone,28,141,39,179
760.jpg,224,224,cone,74,138,85,176
761.jpg,224,224,cone,72,3,155,216
763.jpg,224,224,cone,25,8,206,207
766.jpg,224,224,cone,36,171,59,216
766.jpg,224,224,cone,160,166,188,216
766.jpg,224,224,cone,127,163,153,213
766.jpg,224,224,cone,78,162,102,212
767.jpg,224,224,cone,37,148,67,199
767.jpg,224,224,cone,4,121,14,139
767.jpg,224,224,cone,13,130,26,154
767.jpg,224,224,cone,25,132,39,164
768.jpg,224,224,cone,20,33,89,201
768.jpg,224,224,cone,87,26,147,157
768.jpg,224,224,cone,134,20,179,130
768.jpg,224,224,cone,168,18,205,111
769.jpg,224,224,cone,70,7,151,204
77.jpg,224,224,cone,68,2,152,202
773.jpg,224,224,cone,43,2,181,195
778.jpg,224,224,cone,28,27,85,200
778.jpg,224,224,cone,135,27,192,200
779.jpg,224,224,cone,41,41,193,209
78.jpg,224,224,cone,70,1,146,201
780.jpg,224,224,cone,78,54,116,173
780.jpg,224,224,cone,81,9,108,95
780.jpg,224,224,cone,121,16,154,101
780.jpg,224,224,cone,39,21,73,128
780.jpg,224,224,cone,137,45,168,149
783.jpg,224,224,cone,127,19,206,203
787.jpg,224,224,cone,67,9,160,190
789.jpg,224,224,cone,19,114,61,208
789.jpg,224,224,cone,161,6,203,100
789.jpg,224,224,cone,91,5,133,99
789.jpg,224,224,cone,21,6,63,100
789.jpg,224,224,cone,162,114,204,208
789.jpg,224,224,cone,91,113,133,207
79.jpg,224,224,cone,15,88,40,136
79.jpg,224,224,cone,23,49,42,84
79.jpg,224,224,cone,152,43,172,77
79.jpg,224,224,cone,179,85,199,134
790.jpg,224,224,cone,38,45,170,188
791.jpg,224,224,cone,156,35,208,208
791.jpg,224,224,cone,77,36,94,94
791.jpg,224,224,cone,165,40,174,77
796.jpg,224,224,cone,62,6,163,210
797.jpg,224,224,cone,51,6,188,197
799.jpg,224,224,cone,1,2,219,204
80.jpg,224,224,cone,75,11,150,195
804.jpg,224,224,cone,126,14,162,139
809.jpg,224,224,cone,45,17,175,197
81.jpg,224,224,cone,71,19,151,181
815.jpg,224,224,cone,81,50,156,187
817.jpg,224,224,cone,69,12,144,162
818.jpg,224,224,cone,26,73,67,161
818.jpg,224,224,cone,161,74,202,162
818.jpg,224,224,cone,78,87,138,211
819.jpg,224,224,cone,55,7,161,211
82.jpg,224,224,cone,68,51,138,167
820.jpg,224,224,cone,113,38,155,177
820.jpg,224,224,cone,57,84,96,174
820.jpg,224,224,cone,82,34,123,151
826.jpg,224,224,cone,155,57,207,138
826.jpg,224,224,cone,122,66,158,145
826.jpg,224,224,cone,86,54,122,131
826.jpg,224,224,cone,49,64,86,144
826.jpg,224,224,cone,15,51,54,131
827.jpg,224,224,cone,34,39,193,207
83.jpg,224,224,cone,32,37,86,177
83.jpg,224,224,cone,123,35,179,179
830.jpg,224,224,cone,122,109,157,187
830.jpg,224,224,cone,34,28,59,85
831.jpg,224,224,cone,74,30,168,191
835.jpg,224,224,cone,52,12,165,203
837.jpg,224,224,cone,52,71,125,160
837.jpg,224,224,cone,108,71,189,142
84.jpg,224,224,cone,39,26,76,178
842.jpg,224,224,cone,85,10,211,142
842.jpg,224,224,cone,8,58,57,124
846.jpg,224,224,cone,127,49,166,167
85.jpg,224,224,cone,83,16,142,191
853.jpg,224,224,cone,72,2,143,202
854.jpg,224,224,cone,41,1,180,181
86.jpg,224,224,cone,72,10,142,197
861.jpg,224,224,cone,120,73,175,186
861.jpg,224,224,cone,41,72,65,107
87.jpg,224,224,cone,89,63,133,142
870.jpg,224,224,cone,161,174,173,203
870.jpg,224,224,cone,58,171,71,201
870.jpg,224,224,cone,116,172,128,201
872.jpg,224,224,cone,41,1,175,197
874.jpg,224,224,cone,80,1,144,197
876.jpg,224,224,cone,160,75,209,210
876.jpg,224,224,cone,129,37,169,173
876.jpg,224,224,cone,94,1,134,137
876.jpg,224,224,cone,84,75,130,210
876.jpg,224,224,cone,47,38,90,173
876.jpg,224,224,cone,13,3,55,136
878.jpg,224,224,cone,70,36,147,172
88.jpg,224,224,cone,21,111,62,207
88.jpg,224,224,cone,82,53,134,202
88.jpg,224,224,cone,152,1,216,200
880.jpg,224,224,cone,162,85,207,204
880.jpg,224,224,cone,14,49,56,142
883.jpg,224,224,cone,49,40,175,173
887.jpg,224,224,cone,98,38,151,180
89.jpg,224,224,cone,98,30,153,167
89.jpg,224,224,cone,183,103,205,157
891.jpg,224,224,cone,39,26,80,185
891.jpg,224,224,cone,146,27,188,188
894.jpg,224,224,cone,101,71,141,185
895.jpg,224,224,cone,20,34,60,161
895.jpg,224,224,cone,114,1,143,66
895.jpg,224,224,cone,164,49,211,165
898.jpg,224,224,cone,42,68,77,197
898.jpg,224,224,cone,88,45,124,164
898.jpg,224,224,cone,134,10,171,126
9.jpg,224,224,cone,6,1,221,222
90.jpg,224,224,cone,75,2,142,201
902.jpg,224,224,cone,138,126,173,202
905.jpg,224,224,cone,150,50,170,129
905.jpg,224,224,cone,80,9,89,42
905.jpg,224,224,cone,98,20,110,67
905.jpg,224,224,cone,70,5,77,30
908.jpg,224,224,cone,130,13,159,132
909.jpg,224,224,cone,59,22,168,170
91.jpg,224,224,cone,120,23,160,169
910.jpg,224,224,cone,78,17,146,186
916.jpg,224,224,cone,62,2,110,197
917.jpg,224,224,cone,46,4,177,219
918.jpg,224,224,cone,38,15,192,188
919.jpg,224,224,cone,66,34,131,223
919.jpg,224,224,cone,1,26,38,224
919.jpg,224,224,cone,195,16,221,126
92.jpg,224,224,cone,55,1,175,191
921.jpg,224,224,cone,161,57,198,135
921.jpg,224,224,cone,122,66,159,144
921.jpg,224,224,cone,86,54,123,132
921.jpg,224,224,cone,50,64,87,142
921.jpg,224,224,cone,17,51,54,129
922.jpg,224,224,cone,36,130,52,196
922.jpg,224,224,cone,137,124,149,160
922.jpg,224,224,cone,165,128,176,158
922.jpg,224,224,cone,51,124,61,181
923.jpg,224,224,cone,71,29,169,188
924.jpg,224,224,cone,42,38,178,186
925.jpg,224,224,cone,71,13,153,189
926.jpg,224,224,cone,53,70,122,161
926.jpg,224,224,cone,107,70,189,142
93.jpg,224,224,cone,71,26,147,196
93.jpg,224,224,cone,16,1,92,173
93.jpg,224,224,cone,134,1,209,172
930.jpg,224,224,cone,64,99,145,189
930.jpg,224,224,cone,71,26,112,118
930.jpg,224,224,cone,140,21,183,114
931.jpg,224,224,cone,120,45,148,120
939.jpg,224,224,cone,190,108,205,165
939.jpg,224,224,cone,149,70,183,200
939.jpg,224,224,cone,125,91,143,169
939.jpg,224,224,cone,106,109,120,151
95.jpg,224,224,cone,62,9,163,198
958.jpg,224,224,cone,1,1,35,222
958.jpg,224,224,cone,96,99,118,162
958.jpg,224,224,cone,63,75,98,177
959.jpg,224,224,cone,1,26,45,217
959.jpg,224,224,cone,63,43,135,103
959.jpg,224,224,cone,11,1,68,149
959.jpg,224,224,cone,38,12,81,121
96.jpg,224,224,cone,50,1,170,164
97.jpg,224,224,cone,69,6,132,147
970.jpg,224,224,cone,58,2,111,196
970.jpg,224,224,cone,7,1,30,22
98.jpg,224,224,cone,76,1,146,210
982.jpg,224,224,cone,133,50,164,166
983.jpg,224,224,cone,114,23,200,213
983.jpg,224,224,cone,14,9,111,197
984.jpg,224,224,cone,65,1,162,219
985.jpg,224,224,cone,121,14,202,189
985.jpg,224,224,cone,31,102,35,115
985.jpg,224,224,cone,41,93,48,114
985.jpg,224,224,cone,51,86,58,115
985.jpg,224,224,cone,56,68,72,115
985.jpg,224,224,cone,74,55,108,134
99.jpg,224,224,cone,55,7,170,217
996.jpg,224,224,cone,148,13,211,193
996.jpg,224,224,cone,72,124,88,171
996.jpg,224,224,cone,59,133,68,166
996.jpg,224,224,cone,44,143,51,166
996.jpg,224,224,cone,39,147,44,166
996.jpg,224,224,cone,34,149,37,165
996.jpg,224,224,cone,28,151,32,163
996.jpg,224,224,cone,23,152,27,162
996.jpg,224,224,cone,18,153,20,163
996.jpg,224,224,cone,15,153,16,163
996.jpg,224,224,cone,10,154,12,163
996.jpg,224,224,cone,5,155,9,163
996.jpg,224,224,cone,2,154,4,163
998.jpg,224,224,cone,53,56,155,183
